<?xml version="1.0" encoding="UTF-8" ?>
<pageDefinition xmlns="http://xmlns.oracle.com/adfm/uimodel" version="12.1.3.13.52" id="homePageDef" Package="feature1">
  <parameters/>
  <executables>
    <variableIterator id="variables"/>
    <iterator Binds="root" RangeSize="25" DataControl="TableSum" id="TableSumIterator"/>
    <accessorIterator MasterBinding="TableSumIterator" Binds="tableRow1" RangeSize="25" DataControl="TableSum"
                      BeanClass="application.CellNumber" id="tableRow1Iterator"/>
    <accessorIterator MasterBinding="TableSumIterator" Binds="tableRow2" RangeSize="25" DataControl="TableSum"
                      BeanClass="application.CellNumber" id="tableRow2Iterator"/>
    <accessorIterator MasterBinding="TableSumIterator" Binds="tableRow3" RangeSize="25" DataControl="TableSum"
                      BeanClass="application.CellNumber" id="tableRow3Iterator"/>
    <accessorIterator MasterBinding="TableSumIterator" Binds="tableRow4" RangeSize="25" DataControl="TableSum"
                      BeanClass="application.CellNumber" id="tableRow4Iterator"/>
    <accessorIterator MasterBinding="TableSumIterator" Binds="tableRow5" RangeSize="25" DataControl="TableSum"
                      BeanClass="application.CellNumber" id="tableRow5Iterator"/>
    <accessorIterator MasterBinding="TableSumIterator" Binds="tableRow6" RangeSize="25" DataControl="TableSum"
                      BeanClass="application.CellNumber" id="tableRow6Iterator"/>
    <accessorIterator MasterBinding="TableSumIterator" Binds="tableRow7" RangeSize="25" DataControl="TableSum"
                      BeanClass="application.CellNumber" id="tableRow7Iterator"/>
    <accessorIterator MasterBinding="TableSumIterator" Binds="tableRow8" RangeSize="25" DataControl="TableSum"
                      BeanClass="application.CellNumber" id="tableRow8Iterator"/>
    <accessorIterator MasterBinding="TableSumIterator" Binds="tableRow9" RangeSize="25" DataControl="TableSum"
                      BeanClass="application.CellNumber" id="tableRow9Iterator"/>
    <accessorIterator MasterBinding="TableSumIterator" Binds="tableRow10" RangeSize="25" DataControl="TableSum"
                      BeanClass="application.CellNumber" id="tableRow10Iterator"/>
  </executables>
  <bindings>
    <tree IterBinding="tableRow1Iterator" id="tableRow1">
      <nodeDefinition DefName="application.CellNumber" Name="tableRow10">
        <AttrNames>
          <Item Value="number"/>
          <Item Value="color"/>
        </AttrNames>
      </nodeDefinition>
    </tree>
    <tree IterBinding="tableRow2Iterator" id="tableRow2">
      <nodeDefinition DefName="application.CellNumber" Name="tableRow20">
        <AttrNames>
          <Item Value="number"/>
          <Item Value="color"/>
        </AttrNames>
      </nodeDefinition>
    </tree>
    <tree IterBinding="tableRow3Iterator" id="tableRow3">
      <nodeDefinition DefName="application.CellNumber" Name="tableRow30">
        <AttrNames>
          <Item Value="number"/>
          <Item Value="color"/>
        </AttrNames>
      </nodeDefinition>
    </tree>
    <tree IterBinding="tableRow4Iterator" id="tableRow4">
      <nodeDefinition DefName="application.CellNumber" Name="tableRow40">
        <AttrNames>
          <Item Value="number"/>
          <Item Value="color"/>
        </AttrNames>
      </nodeDefinition>
    </tree>
    <tree IterBinding="tableRow1Iterator" id="tableRow11">
      <nodeDefinition DefName="application.CellNumber" Name="tableRow110">
        <AttrNames>
          <Item Value="number"/>
          <Item Value="color"/>
        </AttrNames>
      </nodeDefinition>
    </tree>
    <tree IterBinding="tableRow2Iterator" id="tableRow21">
      <nodeDefinition DefName="application.CellNumber" Name="tableRow210">
        <AttrNames>
          <Item Value="number"/>
          <Item Value="color"/>
        </AttrNames>
      </nodeDefinition>
    </tree>
    <tree IterBinding="tableRow3Iterator" id="tableRow31">
      <nodeDefinition DefName="application.CellNumber" Name="tableRow310">
        <AttrNames>
          <Item Value="number"/>
          <Item Value="color"/>
        </AttrNames>
      </nodeDefinition>
    </tree>
    <tree IterBinding="tableRow4Iterator" id="tableRow41">
      <nodeDefinition DefName="application.CellNumber" Name="tableRow410">
        <AttrNames>
          <Item Value="number"/>
          <Item Value="color"/>
        </AttrNames>
      </nodeDefinition>
    </tree>
    <tree IterBinding="tableRow5Iterator" id="tableRow5">
      <nodeDefinition DefName="application.CellNumber" Name="tableRow50">
        <AttrNames>
          <Item Value="number"/>
          <Item Value="color"/>
        </AttrNames>
      </nodeDefinition>
    </tree>
    <tree IterBinding="tableRow6Iterator" id="tableRow6">
      <nodeDefinition DefName="application.CellNumber" Name="tableRow60">
        <AttrNames>
          <Item Value="number"/>
          <Item Value="color"/>
        </AttrNames>
      </nodeDefinition>
    </tree>
    <tree IterBinding="tableRow7Iterator" id="tableRow7">
      <nodeDefinition DefName="application.CellNumber" Name="tableRow70">
        <AttrNames>
          <Item Value="number"/>
          <Item Value="color"/>
        </AttrNames>
      </nodeDefinition>
    </tree>
    <tree IterBinding="tableRow8Iterator" id="tableRow8">
      <nodeDefinition DefName="application.CellNumber" Name="tableRow80">
        <AttrNames>
          <Item Value="number"/>
          <Item Value="color"/>
        </AttrNames>
      </nodeDefinition>
    </tree>
    <tree IterBinding="tableRow9Iterator" id="tableRow9">
      <nodeDefinition DefName="application.CellNumber" Name="tableRow90">
        <AttrNames>
          <Item Value="number"/>
          <Item Value="color"/>
        </AttrNames>
      </nodeDefinition>
    </tree>
    <tree IterBinding="tableRow10Iterator" id="tableRow10">
      <nodeDefinition DefName="application.CellNumber" Name="tableRow100">
        <AttrNames>
          <Item Value="number"/>
          <Item Value="color"/>
        </AttrNames>
      </nodeDefinition>
    </tree>
    <methodAction id="runAlgorithm" RequiresUpdateModel="true" Action="invokeMethod" MethodName="runAlgorithm"
                  IsViewObjectMethod="false" DataControl="TableSum" InstanceName="data.TableSum.dataProvider"/>
    <attributeValues IterBinding="TableSumIterator" id="resultSum">
      <AttrNames>
        <Item Value="resultSum"/>
      </AttrNames>
    </attributeValues>
  </bindings>
</pageDefinition>
